{
  "metrics": {
    "linear_regression": {
      "mae": 93477.93285789405,
      "rmse": 155557.0955455453,
      "r2": 0.923601276236527
    },
    "random_forest": {
      "mae": 114125.85484163342,
      "rmse": 193661.197290185,
      "r2": 0.8815891012750301
    },
    "gradient_boosting": {
      "mae": 106093.60156694896,
      "rmse": 182402.65584120163,
      "r2": 0.8949566007247035
    },
    "xgboost": {
      "mae": 113086.4132999253,
      "rmse": 195737.24307990324,
      "r2": 0.8790367667903956
    },
    "lightgbm": {
      "mae": 124020.14486574335,
      "rmse": 229072.93915276453,
      "r2": 0.8343261256031996
    }
  },
  "meta": {
    "best_model": "linear_regression",
    "train_rows": 6048,
    "test_rows": 1506,
    "locality_count": 777
  }
}